Zip3,Zone
5,Zone 01
6,Zone 11
7,Zone 11
8,Zone 11
9,Zone 11
10,Zone 02
11,Zone 02
12,Zone 02
13,Zone 02
14,Zone 02
15,Zone 02
16,Zone 02
17,Zone 02
18,Zone 03
19,Zone 03
20,Zone 03
21,Zone 03
22,Zone 03
23,Zone 03
24,Zone 03
25,Zone 03
26,Zone 03
27,Zone 03
28,Zone 03
29,Zone 03
30,Zone 03
31,Zone 03
32,Zone 03
33,Zone 03
34,Zone 03
35,Zone 03
36,Zone 03
37,Zone 03
38,Zone 03
39,Zone 03
40,Zone 03
41,Zone 03
42,Zone 03
43,Zone 03
44,Zone 04
45,Zone 03
46,Zone 04
47,Zone 04
48,Zone 03
49,Zone 04
50,Zone 03
51,Zone 03
52,Zone 03
53,Zone 03
54,Zone 03
55,Zone 03
56,Zone 03
57,Zone 03
58,Zone 03
59,Zone 03
60,Zone 02
61,Zone 02
62,Zone 02
63,Zone 02
64,Zone 02
65,Zone 02
66,Zone 01
67,Zone 02
68,Zone 01
69,Zone 01
70,Zone 01
71,Zone 01
72,Zone 01
73,Zone 01
74,Zone 01
75,Zone 01
76,Zone 01
77,Zone 01
78,Zone 01
79,Zone 01
80,Zone 02
81,Zone 02
82,Zone 02
83,Zone 02
84,Zone 02
85,Zone 01
86,Zone 01
87,Zone 01
88,Zone 01
89,Zone 01
90,Zone 01
91,Zone 01
92,Zone 01
93,Zone 01
94,Zone 01
95,Zone 01
96,Zone 01
97,Zone 01
98,Zone 01
99,Zone 01
100,Zone 01
101,Zone 01
102,Zone 01
103,Zone 01
104,Zone 01
105,Zone 01
106,Zone 01
107,Zone 01
108,Zone 01
109,Zone 01
110,Zone 01
111,Zone 01
112,Zone 01
113,Zone 01
114,Zone 01
115,Zone 01
116,Zone 01
117,Zone 01
118,Zone 01
119,Zone 01
120,Zone 02
121,Zone 02
122,Zone 02
123,Zone 02
124,Zone 02
125,Zone 02
126,Zone 02
127,Zone 02
128,Zone 02
129,Zone 02
130,Zone 03
131,Zone 03
132,Zone 03
133,Zone 03
134,Zone 03
135,Zone 03
136,Zone 03
137,Zone 03
138,Zone 03
139,Zone 03
140,Zone 03
141,Zone 03
142,Zone 03
143,Zone 03
144,Zone 03
145,Zone 03
146,Zone 03
147,Zone 03
148,Zone 03
149,Zone 03
150,Zone 04
151,Zone 04
152,Zone 04
153,Zone 04
154,Zone 04
155,Zone 03
156,Zone 04
157,Zone 03
158,Zone 03
159,Zone 03
160,Zone 04
161,Zone 04
162,Zone 04
163,Zone 04
164,Zone 04
165,Zone 04
166,Zone 03
167,Zone 03
168,Zone 03
169,Zone 02
170,Zone 02
171,Zone 02
172,Zone 02
173,Zone 02
174,Zone 02
175,Zone 02
176,Zone 02
177,Zone 02
178,Zone 02
179,Zone 02
180,Zone 01
181,Zone 01
182,Zone 01
183,Zone 01
184,Zone 01
185,Zone 01
186,Zone 01
187,Zone 01
188,Zone 01
189,Zone 02
190,Zone 02
191,Zone 02
192,Zone 02
193,Zone 02
194,Zone 02
195,Zone 02
196,Zone 02
197,Zone 02
198,Zone 02
199,Zone 02
200,Zone 03
201,Zone 03
202,Zone 03
203,Zone 03
204,Zone 03
205,Zone 03
206,Zone 03
207,Zone 03
208,Zone 03
209,Zone 03
210,Zone 02
211,Zone 02
212,Zone 02
214,Zone 02
215,Zone 02
216,Zone 03
217,Zone 02
218,Zone 03
219,Zone 02
220,Zone 03
221,Zone 03
222,Zone 03
223,Zone 03
224,Zone 03
225,Zone 03
226,Zone 03
227,Zone 03
228,Zone 03
229,Zone 03
230,Zone 03
231,Zone 03
232,Zone 03
233,Zone 03
234,Zone 03
235,Zone 03
236,Zone 03
237,Zone 03
238,Zone 03
239,Zone 03
240,Zone 04
241,Zone 04
242,Zone 04
243,Zone 04
244,Zone 03
245,Zone 04
246,Zone 04
247,Zone 04
248,Zone 04
249,Zone 04
250,Zone 04
251,Zone 04
252,Zone 04
253,Zone 04
254,Zone 02
255,Zone 04
256,Zone 04
257,Zone 04
258,Zone 04
259,Zone 04
260,Zone 04
261,Zone 04
262,Zone 04
263,Zone 04
264,Zone 04
265,Zone 04
266,Zone 04
267,Zone 02
268,Zone 03
270,Zone 04
271,Zone 04
272,Zone 04
273,Zone 04
274,Zone 04
275,Zone 04
276,Zone 04
277,Zone 04
278,Zone 04
279,Zone 04
280,Zone 04
281,Zone 04
282,Zone 04
283,Zone 04
284,Zone 04
285,Zone 04
286,Zone 04
287,Zone 04
288,Zone 04
289,Zone 04
290,Zone 04
291,Zone 04
292,Zone 04
293,Zone 04
294,Zone 05
295,Zone 04
296,Zone 04
297,Zone 04
298,Zone 05
299,Zone 05
300,Zone 05
301,Zone 05
302,Zone 05
303,Zone 05
304,Zone 05
305,Zone 05
306,Zone 05
307,Zone 05
308,Zone 05
309,Zone 05
310,Zone 05
311,Zone 05
312,Zone 05
313,Zone 05
314,Zone 05
315,Zone 05
316,Zone 05
317,Zone 05
318,Zone 05
319,Zone 05
320,Zone 05
321,Zone 05
322,Zone 05
323,Zone 05
324,Zone 06
325,Zone 06
326,Zone 05
327,Zone 05
328,Zone 05
329,Zone 05
330,Zone 06
331,Zone 06
332,Zone 06
333,Zone 06
334,Zone 06
335,Zone 05
336,Zone 05
337,Zone 05
338,Zone 05
339,Zone 06
340,Zone 06
341,Zone 06
342,Zone 05
344,Zone 05
346,Zone 05
347,Zone 05
349,Zone 06
350,Zone 05
351,Zone 05
352,Zone 05
354,Zone 05
355,Zone 05
356,Zone 05
357,Zone 05
358,Zone 05
359,Zone 05
360,Zone 05
361,Zone 05
362,Zone 05
363,Zone 05
364,Zone 05
365,Zone 06
366,Zone 06
367,Zone 05
368,Zone 05
369,Zone 06
370,Zone 05
371,Zone 05
372,Zone 05
373,Zone 05
374,Zone 05
375,Zone 05
376,Zone 04
377,Zone 04
378,Zone 04
379,Zone 04
380,Zone 05
381,Zone 05
382,Zone 05
383,Zone 05
384,Zone 05
385,Zone 05
386,Zone 05
387,Zone 06
388,Zone 05
389,Zone 06
390,Zone 06
391,Zone 06
392,Zone 06
393,Zone 06
394,Zone 06
395,Zone 06
396,Zone 06
397,Zone 06
398,Zone 05
399,Zone 05
400,Zone 05
401,Zone 05
402,Zone 05
403,Zone 04
404,Zone 04
405,Zone 04
406,Zone 04
407,Zone 04
408,Zone 04
409,Zone 04
410,Zone 04
411,Zone 04
412,Zone 04
413,Zone 04
414,Zone 04
415,Zone 04
416,Zone 04
417,Zone 04
418,Zone 04
420,Zone 05
421,Zone 05
422,Zone 05
423,Zone 05
424,Zone 05
425,Zone 04
426,Zone 04
427,Zone 05
430,Zone 04
431,Zone 04
432,Zone 04
433,Zone 04
434,Zone 04
435,Zone 04
436,Zone 04
437,Zone 04
438,Zone 04
439,Zone 04
440,Zone 04
441,Zone 04
442,Zone 04
443,Zone 04
444,Zone 04
445,Zone 04
446,Zone 04
447,Zone 04
448,Zone 04
449,Zone 04
450,Zone 04
451,Zone 04
452,Zone 04
453,Zone 04
454,Zone 04
455,Zone 04
456,Zone 04
457,Zone 04
458,Zone 04
459,Zone 04
460,Zone 05
461,Zone 05
462,Zone 05
463,Zone 05
464,Zone 05
465,Zone 05
466,Zone 05
467,Zone 04
468,Zone 04
469,Zone 05
470,Zone 04
471,Zone 05
472,Zone 05
473,Zone 04
474,Zone 05
475,Zone 05
476,Zone 05
477,Zone 05
478,Zone 05
479,Zone 05
480,Zone 04
481,Zone 04
482,Zone 04
483,Zone 04
484,Zone 04
485,Zone 04
486,Zone 04
487,Zone 04
488,Zone 04
489,Zone 04
490,Zone 04
491,Zone 04
492,Zone 04
493,Zone 04
494,Zone 04
495,Zone 04
496,Zone 04
497,Zone 04
498,Zone 05
499,Zone 05
500,Zone 05
501,Zone 05
502,Zone 05
503,Zone 05
504,Zone 05
505,Zone 05
506,Zone 05
507,Zone 05
508,Zone 05
509,Zone 05
510,Zone 06
511,Zone 06
512,Zone 06
513,Zone 06
514,Zone 05
515,Zone 06
516,Zone 06
520,Zone 05
521,Zone 05
522,Zone 05
523,Zone 05
524,Zone 05
525,Zone 05
526,Zone 05
527,Zone 05
528,Zone 05
530,Zone 05
531,Zone 05
532,Zone 05
534,Zone 05
535,Zone 05
537,Zone 05
538,Zone 05
539,Zone 05
540,Zone 05
541,Zone 05
542,Zone 05
543,Zone 05
544,Zone 05
545,Zone 05
546,Zone 05
547,Zone 05
548,Zone 05
549,Zone 05
550,Zone 05
551,Zone 05
553,Zone 05
554,Zone 05
555,Zone 05
556,Zone 05
557,Zone 05
558,Zone 05
559,Zone 05
560,Zone 06
561,Zone 06
562,Zone 06
563,Zone 06
564,Zone 06
565,Zone 06
566,Zone 06
567,Zone 06
570,Zone 06
571,Zone 06
572,Zone 06
573,Zone 06
574,Zone 06
575,Zone 06
576,Zone 06
577,Zone 07
580,Zone 06
581,Zone 06
582,Zone 06
583,Zone 06
584,Zone 06
585,Zone 06
586,Zone 06
587,Zone 06
588,Zone 06
590,Zone 07
591,Zone 07
592,Zone 07
593,Zone 07
594,Zone 08
595,Zone 08
596,Zone 08
597,Zone 07
598,Zone 08
599,Zone 08
600,Zone 05
601,Zone 05
602,Zone 05
603,Zone 05
604,Zone 05
605,Zone 05
606,Zone 05
607,Zone 05
608,Zone 05
609,Zone 05
610,Zone 05
611,Zone 05
612,Zone 05
613,Zone 05
614,Zone 05
615,Zone 05
616,Zone 05
617,Zone 05
618,Zone 05
619,Zone 05
620,Zone 05
622,Zone 05
623,Zone 05
624,Zone 05
625,Zone 05
626,Zone 05
627,Zone 05
628,Zone 05
629,Zone 05
630,Zone 05
631,Zone 05
633,Zone 05
634,Zone 05
635,Zone 05
636,Zone 05
637,Zone 05
638,Zone 05
639,Zone 05
640,Zone 06
641,Zone 06
644,Zone 06
645,Zone 06
646,Zone 06
647,Zone 06
648,Zone 06
649,Zone 06
650,Zone 05
651,Zone 05
652,Zone 05
653,Zone 05
654,Zone 06
655,Zone 06
656,Zone 06
657,Zone 06
658,Zone 06
660,Zone 06
661,Zone 06
662,Zone 06
664,Zone 06
665,Zone 06
666,Zone 06
667,Zone 06
668,Zone 06
669,Zone 06
670,Zone 06
671,Zone 06
672,Zone 06
673,Zone 06
674,Zone 06
675,Zone 06
676,Zone 06
677,Zone 06
678,Zone 06
679,Zone 07
680,Zone 06
681,Zone 06
683,Zone 06
684,Zone 06
685,Zone 06
686,Zone 06
687,Zone 06
688,Zone 06
689,Zone 06
690,Zone 06
691,Zone 06
692,Zone 06
693,Zone 06
700,Zone 06
701,Zone 06
703,Zone 06
704,Zone 06
705,Zone 06
706,Zone 06
707,Zone 06
708,Zone 06
710,Zone 06
711,Zone 06
712,Zone 06
713,Zone 06
714,Zone 06
716,Zone 06
717,Zone 06
718,Zone 06
719,Zone 06
720,Zone 06
721,Zone 06
722,Zone 06
723,Zone 05
724,Zone 05
725,Zone 06
726,Zone 06
727,Zone 06
728,Zone 06
729,Zone 06
730,Zone 06
731,Zone 06
733,Zone 07
734,Zone 06
735,Zone 06
736,Zone 06
737,Zone 06
738,Zone 06
739,Zone 07
740,Zone 06
741,Zone 06
743,Zone 06
744,Zone 06
745,Zone 06
746,Zone 06
747,Zone 06
748,Zone 06
749,Zone 06
750,Zone 06
751,Zone 06
752,Zone 06
753,Zone 06
754,Zone 06
755,Zone 06
756,Zone 06
757,Zone 06
758,Zone 06
759,Zone 06
760,Zone 06
761,Zone 06
762,Zone 06
763,Zone 06
764,Zone 06
765,Zone 07
766,Zone 06
767,Zone 06
768,Zone 07
769,Zone 07
770,Zone 06
772,Zone 06
773,Zone 06
774,Zone 06
775,Zone 06
776,Zone 06
777,Zone 06
778,Zone 06
779,Zone 07
780,Zone 07
781,Zone 07
782,Zone 07
783,Zone 07
784,Zone 07
785,Zone 07
786,Zone 07
787,Zone 07
788,Zone 07
789,Zone 07
790,Zone 07
791,Zone 07
792,Zone 07
793,Zone 07
794,Zone 07
795,Zone 07
796,Zone 07
797,Zone 07
798,Zone 08
799,Zone 08
800,Zone 07
801,Zone 07
802,Zone 07
803,Zone 07
804,Zone 07
805,Zone 07
806,Zone 07
807,Zone 07
808,Zone 07
809,Zone 07
810,Zone 07
811,Zone 07
812,Zone 07
813,Zone 07
814,Zone 07
815,Zone 07
816,Zone 07
820,Zone 07
821,Zone 07
822,Zone 07
823,Zone 07
824,Zone 07
825,Zone 07
826,Zone 07
827,Zone 07
828,Zone 07
829,Zone 08
830,Zone 08
831,Zone 08
832,Zone 08
833,Zone 08
834,Zone 08
835,Zone 08
836,Zone 08
837,Zone 08
838,Zone 08
840,Zone 08
841,Zone 08
842,Zone 08
843,Zone 08
844,Zone 08
845,Zone 08
846,Zone 08
847,Zone 08
850,Zone 08
851,Zone 08
852,Zone 08
853,Zone 08
855,Zone 08
856,Zone 08
857,Zone 08
859,Zone 08
860,Zone 08
863,Zone 08
864,Zone 08
865,Zone 07
870,Zone 07
871,Zone 07
873,Zone 07
874,Zone 07
875,Zone 07
876,Zone 07
877,Zone 07
878,Zone 07
879,Zone 07
880,Zone 08
881,Zone 07
882,Zone 07
883,Zone 08
884,Zone 07
885,Zone 08
889,Zone 08
890,Zone 08
891,Zone 08
893,Zone 08
894,Zone 08
895,Zone 08
897,Zone 08
898,Zone 08
900,Zone 08
901,Zone 08
902,Zone 08
903,Zone 08
904,Zone 08
905,Zone 08
906,Zone 08
907,Zone 08
908,Zone 08
910,Zone 08
911,Zone 08
912,Zone 08
913,Zone 08
914,Zone 08
915,Zone 08
916,Zone 08
917,Zone 08
918,Zone 08
919,Zone 08
920,Zone 08
921,Zone 08
922,Zone 08
923,Zone 08
924,Zone 08
925,Zone 08
926,Zone 08
927,Zone 08
928,Zone 08
930,Zone 08
931,Zone 08
932,Zone 08
933,Zone 08
934,Zone 08
935,Zone 08
936,Zone 08
937,Zone 08
938,Zone 08
939,Zone 08
940,Zone 08
941,Zone 08
942,Zone 08
943,Zone 08
944,Zone 08
945,Zone 08
946,Zone 08
947,Zone 08
948,Zone 08
949,Zone 08
950,Zone 08
951,Zone 08
952,Zone 08
953,Zone 08
954,Zone 08
955,Zone 08
956,Zone 08
957,Zone 08
958,Zone 08
959,Zone 08
960,Zone 08
961,Zone 08
962,Zone 08
963,Zone 08
964,Zone 08
965,Zone 08
966,Zone 08
967,Zone 12
968,Zone 12
969,Zone 12
970,Zone 08
971,Zone 08
972,Zone 08
973,Zone 08
974,Zone 08
975,Zone 08
976,Zone 08
977,Zone 08
978,Zone 08
979,Zone 08
980,Zone 08
981,Zone 08
982,Zone 08
983,Zone 08
984,Zone 08
985,Zone 08
986,Zone 08
988,Zone 08
989,Zone 08
990,Zone 08
991,Zone 08
992,Zone 08
993,Zone 08
994,Zone 08
995,Zone 13
996,Zone 13
997,Zone 13
998,Zone 13
999,Zone 13
